date,state,death,deathConfirmed,deathIncrease,deathProbable,hospitalized,hospitalizedCumulative,hospitalizedCurrently,hospitalizedIncrease,inIcuCumulative,inIcuCurrently,negative,negativeIncrease,negativeTestsAntibody,negativeTestsPeopleAntibody,negativeTestsViral,onVentilatorCumulative,onVentilatorCurrently,positive,positiveCasesViral,positiveIncrease,positiveScore,positiveTestsAntibody,positiveTestsAntigen,positiveTestsPeopleAntibody,positiveTestsPeopleAntigen,positiveTestsViral,recovered,totalTestEncountersViral,totalTestEncountersViralIncrease,totalTestResults,totalTestResultsIncrease,totalTestsAntibody,totalTestsAntigen,totalTestsPeopleAntibody,totalTestsPeopleAntigen,totalTestsPeopleViral,totalTestsPeopleViralIncrease,totalTestsViral,totalTestsViralIncrease
2020-03-04,GA,,,0,,,,,0,,,,0,,,,,,2,,0,0,,,,,0,,,0,0,0,,,,,,0,0,0
2020-03-05,GA,,,0,,,,,0,,,,0,,,,,,2,,0,0,,,,,0,,,0,0,0,,,,,,0,0,0
2020-03-06,GA,,,0,,,,,0,,,,0,,,,,,2,,0,0,,,,,0,,,0,0,0,,,,,,0,0,0
2020-03-07,GA,,,0,,,,,0,,,,0,,,,,,6,,4,0,,,,,0,,,0,0,0,,,,,,0,0,0
2020-03-08,GA,,,0,,,,,0,,,,0,,,,,,7,,1,0,,,,,0,,,0,0,0,,,,,,0,0,0
2020-03-09,GA,,,0,,,,,0,,,,0,,,,,,12,,5,0,,,,,1,,,0,6,6,,,,,,0,6,6
2020-03-10,GA,,,0,,,,,0,,,,0,,,,,,17,,5,0,,,,,2,,,0,29,23,,,,,,0,29,23
2020-03-11,GA,,,0,,,,,0,,,,0,,,,,,22,,5,0,,,,,4,,,0,44,15,,,,,,0,44,15
2020-03-12,GA,,,0,,,,,0,,,,0,,,,,,31,,9,0,,,,,7,,,0,81,37,,,,,,0,81,37
2020-03-13,GA,1.0,,1,,,,,0,,,,0,,,,,,42,,11,0,,,,,32,,,0,336,255,,,,,,0,336,255
2020-03-14,GA,1.0,,0,,,,,0,,,,0,,,,,,66,,24,0,,,,,41,,,0,466,130,,,,,,0,466,130
2020-03-15,GA,1.0,,0,,,,,0,,,,0,,,,,,99,,33,0,,,,,68,,,0,707,241,,,,,,0,707,241
2020-03-16,GA,1.0,,0,,,,,0,,,,0,,,,,,121,,22,0,,,,,100,,,0,959,252,,,,,,0,959,252
2020-03-17,GA,1.0,,0,,,,,0,,,,0,,,,,,146,,25,0,,,,,185,,,0,1500,541,,,,,,0,1500,541
2020-03-18,GA,1.0,,0,,,,,0,,,,0,,,,,,197,,51,0,,,,,246,,,0,1866,366,,,,,,0,1866,366
2020-03-19,GA,10.0,,9,,,,,0,,,,0,,,,,,287,,90,0,,,,,352,,,0,2468,602,,,,,,0,2468,602
2020-03-20,GA,13.0,,3,,,,,0,,,,0,,,,,,420,,133,0,,,,,460,,,0,3115,647,,,,,,0,3115,647
2020-03-21,GA,14.0,,1,,,,,0,,,,0,,,,,,507,,87,0,,,,,582,,,0,3981,866,,,,,,0,3981,866
2020-03-22,GA,23.0,,9,,,,,0,,,,0,,,,,,600,,93,0,,,,,698,,,0,4762,781,,,,,,0,4762,781
2020-03-23,GA,25.0,,2,,,,,0,,,,0,,,,,,772,,172,0,,,,,905,,,0,5959,1197,,,,,,0,5959,1197
2020-03-24,GA,32.0,,7,,,,,0,,,,0,,,,,,1026,,254,0,,,,,1092,,,0,6806,847,,,,,,0,6806,847
2020-03-25,GA,40.0,,8,,394.0,394.0,,394,,,,0,,,,,,1247,,221,0,,,,,1495,,,0,9307,2501,,,,,,0,9307,2501
2020-03-26,GA,48.0,,8,,473.0,473.0,,79,,,,0,,,,,,1525,,278,0,,,,,1557,,,0,9962,655,,,,,,0,9962,655
2020-03-27,GA,64.0,,16,,566.0,566.0,,93,,,,0,,,,,,2001,,476,0,,,,,1789,,,0,11021,1059,,,,,,0,11021,1059
2020-03-28,GA,69.0,,5,,617.0,617.0,,51,,,,0,,,,,,2366,,365,0,,,,,2383,,,0,14080,3059,,,,,,0,14080,3059
2020-03-29,GA,80.0,,11,,666.0,666.0,,49,,,,0,,,,,,2651,,285,0,,,,,2508,,,0,14629,549,,,,,,0,14629,549
2020-03-30,GA,87.0,,7,,707.0,707.0,,41,,,,0,,,,,,2809,,158,0,,,,,2920,,,0,16225,1596,,,,,,0,16225,1596
2020-03-31,GA,111.0,,24,,833.0,833.0,,126,,,,0,,,,,,3929,,1120,0,,,,,3653,,,0,19910,3685,,,,,,0,19910,3685
2020-04-01,GA,139.0,,28,,952.0,952.0,,119,,,,0,,,,,,4638,,709,0,,,,,3713,,,0,20338,428,,,,,,0,20338,428
2020-04-02,GA,163.0,,24,,1056.0,1056.0,,104,,,,0,,,,,,5348,,710,0,,,,,4560,,,0,22970,2632,,,,,,0,22970,2632
2020-04-03,GA,184.0,,21,,1158.0,1158.0,,102,,,,0,,,,,,5831,,483,0,,,,,5010,,,0,25286,2316,,,,,,0,25286,2316
2020-04-04,GA,201.0,,17,,1239.0,1239.0,,81,,,,0,,,,,,6160,,329,0,,,,,5292,,,0,26337,1051,,,,,,0,26337,1051
2020-04-05,GA,211.0,,10,,1283.0,1283.0,,44,,,,0,,,,,,6647,,487,0,,,,,5573,,,0,27941,1604,,,,,,0,27941,1604
2020-04-06,GA,229.0,,18,,1332.0,1332.0,,49,,,,0,,,,,,7314,,667,0,,,,,6154,,,0,31350,3409,,,,,,0,31350,3409
2020-04-07,GA,329.0,,100,,1774.0,1774.0,,442,,,,0,,,,,,8818,,1504,0,,,,,7817,,,0,37997,6647,,,,,,0,37997,6647
2020-04-08,GA,362.0,,33,,1993.0,1993.0,,219,,,,0,,,,,,9901,,1083,0,,,,,8525,,,0,40999,3002,,,,,,0,40999,3002
2020-04-09,GA,379.0,,17,,2159.0,2159.0,,166,,,,0,,,,,,10566,,665,0,,,,,9153,,,0,44828,3829,,,,,,0,44828,3829
2020-04-10,GA,416.0,,37,,2351.0,2351.0,,192,,,,0,,,,,,11483,,917,0,,,,,9391,,,0,46188,1360,,,,,,0,46188,1360
2020-04-11,GA,428.0,,12,,2479.0,2479.0,,128,,,,0,,,,,,12159,,676,0,,,,,9912,,,0,51769,5581,,,,,,0,51769,5581
2020-04-12,GA,433.0,,5,,2505.0,2505.0,,26,,,,0,,,,,,12452,,293,0,,,,,10610,,,0,56613,4844,,,,,,0,56613,4844
2020-04-13,GA,464.0,,31,,2589.0,2589.0,,84,,,,0,,,,,,13315,,863,0,,,,,10659,,,0,57089,476,,,,,,0,57089,476
2020-04-14,GA,501.0,,37,,2769.0,2769.0,,180,,,,0,,,,,,14223,,908,0,,,,,11524,,,0,61808,4719,,,,,,0,61808,4719
2020-04-15,GA,552.0,,51,,2922.0,2922.0,,153,,,,0,,,,,,14987,,764,0,,,,,12071,,,0,65232,3424,,,,,,0,65232,3424
2020-04-16,GA,587.0,,35,,3108.0,3108.0,,186,,,,0,,,,,,15669,,682,0,,,,,12763,,,0,69766,4534,,,,,,0,69766,4534
2020-04-17,GA,650.0,,63,,3324.0,3324.0,,216,,,,0,,,,,,17194,,1525,0,,,,,13002,,,0,71686,1920,,,,,,0,71686,1920
2020-04-18,GA,673.0,,23,,3420.0,3420.0,,96,,,,0,,,,,,17669,,475,0,,,,,14183,,,0,79350,7664,,,,,,0,79350,7664
2020-04-19,GA,687.0,,14,,3464.0,3464.0,,44,,,,0,,,,,,18301,,632,0,,,,,14613,,,0,83327,3977,,,,,,0,83327,3977
2020-04-20,GA,733.0,,46,,3550.0,3550.0,,86,,,,0,,,,,,18947,,646,0,,,,,15109,,,0,87423,4096,,,,,,0,87423,4096
2020-04-21,GA,799.0,,66,,3779.0,3779.0,,229,,,,0,,,,,,19881,,934,0,,,,,15635,,,0,92422,4999,,,,,,0,92422,4999
2020-04-22,GA,836.0,,37,,3959.0,3959.0,,180,,,,0,,,,,,20740,,859,0,,,,,15804,,,0,94071,1649,,,,,,0,94071,1649
2020-04-23,GA,872.0,,36,,4069.0,4069.0,,110,,,,0,,,,,,21512,,772,0,,,,,16471,,,0,100979,6908,,,,,,0,100979,6908
2020-04-24,GA,892.0,,20,,4221.0,4221.0,,152,,,,0,,,,,,22147,,635,0,,,,,17164,,,0,107085,6106,,,,,,0,107085,6106
2020-04-25,GA,904.0,,12,,4326.0,4326.0,,105,,,,0,,,,,,22695,,548,0,,,,,18792,,,0,121027,13942,,,,,,0,121027,13942
2020-04-26,GA,912.0,,8,,4359.0,4359.0,,33,,,,0,,,,,,23401,,706,0,,,,,19108,,,0,124429,3402,,,,,,0,124429,3402
2020-04-27,GA,971.0,,59,,4681.0,4681.0,,322,1057.0,,,0,,,,,,23913,,512,0,,,,,20557,,,0,136179,11750,,,,,,0,136179,11750
2020-04-28,GA,1026.0,,55,,4814.0,4814.0,,133,1087.0,,,0,,,,,,24615,,702,0,,,,,20950,,,0,139914,3735,,,,,,0,139914,3735
2020-04-29,GA,1093.0,,67,,5056.0,5056.0,,242,1148.0,,,0,,,,,,25623,25411.0,1008,0,,,,,21502,,,0,145225,5311,,,,,,0,145225,5311
2020-04-30,GA,1120.0,,27,,5156.0,5156.0,,100,1171.0,,,0,,,,,,26155,26155.0,532,0,,,,,23045,,,0,161181,15956,,,,,,0,161181,15956
2020-05-01,GA,1154.0,,34,,5269.0,5269.0,1500.0,113,1215.0,,,0,,,,,,27270,27270.0,1115,0,,,,,23434,,,0,166062,4881,,,,,,0,166062,4881
2020-05-02,GA,1174.0,,20,,5387.0,5387.0,1440.0,118,1247.0,,,0,,,,,,28306,28306.0,1036,0,,,,,23961,,,0,172523,6461,,,,,,0,172523,6461
2020-05-03,GA,1177.0,,3,,5393.0,5393.0,1410.0,6,1249.0,,,0,,,,,,28602,28602.0,296,0,,,,,23985,,,0,172968,445,,,,,,0,172968,445
2020-05-04,GA,1222.0,,45,,5526.0,5526.0,1377.0,133,1284.0,,,0,,,,,,29368,29368.0,766,0,,,,,24899,,,0,185541,12573,,,,,,0,185541,12573
2020-05-05,GA,1288.0,,66,,5634.0,5634.0,1343.0,108,1318.0,,,0,,,,,,29711,29711.0,343,0,,,,,25197,,,0,190322,4781,,,,,,0,190322,4781
2020-05-06,GA,1311.0,,23,,5765.0,5765.0,1339.0,131,1343.0,,,0,,,,,,30696,30696.0,985,0,,,,,25851,,,0,199225,8903,,,,,,0,199225,8903
2020-05-07,GA,1336.0,,25,,5835.0,5835.0,1309.0,70,1374.0,,,0,,,,,,31439,31439.0,743,0,,,,,26433,,,0,209510,10285,,,,,,0,209510,10285
2020-05-08,GA,1377.0,,41,,5935.0,5935.0,1227.0,100,1399.0,,,0,,,,,,32106,32106.0,667,0,,,,,26759,,,0,214344,4834,,,,,,0,214344,4834
2020-05-09,GA,1400.0,,23,,5987.0,5987.0,1179.0,52,1409.0,,,0,,,,,,32532,32532.0,426,0,,,,,27085,,,0,219147,4803,,,,,,0,219147,4803
2020-05-10,GA,1405.0,,5,,5997.0,5997.0,1144.0,10,1412.0,,,0,,,,,,33441,33441.0,909,0,,,,,28281,,,0,224474,5327,,,,,,0,224474,5327
2020-05-11,GA,1441.0,,36,,6015.0,6015.0,1133.0,18,1414.0,,,0,,,,,,33927,33927.0,486,0,,,,,29188,,,0,234892,10418,,,,,,0,234892,10418
2020-05-12,GA,1461.0,,20,,6130.0,6130.0,1125.0,115,1443.0,,,0,,,,,,34635,34635.0,708,0,,,,,29861,,,0,245165,10273,,,,,,0,245165,10273
2020-05-13,GA,1505.0,,44,,6259.0,6259.0,1091.0,129,1494.0,,,0,,,,,,35332,35332.0,697,0,,,,,30214,,,0,250862,5697,,,,,,0,250862,5697
2020-05-14,GA,1527.0,,22,,6345.0,6345.0,1060.0,86,1513.0,,,0,,,,,,35858,35858.0,526,0,,,,,30981,,,0,261860,10998,,,,,,0,261860,10998
2020-05-15,GA,1557.0,,30,,6438.0,6438.0,1029.0,93,1534.0,,,0,,,,,,36681,36681.0,823,0,,,,,31721,,,0,275764,13904,,,,,,0,275764,13904
2020-05-16,GA,1592.0,,35,,6735.0,6735.0,1005.0,297,1554.0,,,0,,,,,,37147,37147.0,466,0,,,,,33279,,,0,300697,24933,,,,,,0,300697,24933
2020-05-17,GA,1606.0,,14,,6790.0,6790.0,1010.0,55,1557.0,,,0,,,,,,37701,37701.0,554,0,,,,,33760,,,0,308931,8234,,,,,,0,308931,8234
2020-05-18,GA,1642.0,,36,,6916.0,6916.0,1025.0,126,1565.0,,,0,,,,,,38081,38081.0,380,0,,,,,34333,,,0,318260,9329,,,,,,0,318260,9329
2020-05-19,GA,1664.0,,22,,7027.0,7027.0,986.0,111,1589.0,,,0,,,,,,38721,38721.0,640,0,,,,,34500,,,0,322427,4167,,,,,,0,322427,4167
2020-05-20,GA,1687.0,,23,,7107.0,7107.0,959.0,80,1617.0,,,0,,,,,,39647,39647.0,926,0,,,,,35460,,,0,338911,16484,,,,,,0,338911,16484
2020-05-21,GA,1754.0,,67,,7235.0,7235.0,919.0,128,1642.0,,,0,,,,,,40405,40405.0,758,0,,,,,35526,,,0,339388,477,,,,,,0,339388,477
2020-05-22,GA,1785.0,,31,,7313.0,7313.0,889.0,78,1658.0,,,0,,,,,,41218,41218.0,813,0,,,,,36108,,,0,349383,9995,,,,,,0,349383,9995
2020-05-23,GA,1811.0,,26,,7411.0,7411.0,848.0,98,1678.0,,,0,,,,,,42132,42132.0,914,0,,,,,36868,,,0,362562,13179,,,,,,0,362562,13179
2020-05-24,GA,1824.0,,13,,7439.0,7439.0,848.0,28,1683.0,,,0,,,,,,42838,42838.0,706,0,,,,,37843,,,0,379225,16663,,,,,,0,379225,16663
2020-05-25,GA,1830.0,,6,,7475.0,7475.0,892.0,36,1686.0,,,0,,,,,,43344,43344.0,506,0,,,,,38975,,,0,400562,21337,,,,,,0,400562,21337
2020-05-26,GA,1871.0,,41,,7547.0,7547.0,854.0,72,1703.0,,,0,,,,,,43730,43344.0,386,0,,,,,39250,,,0,404234,3672,,,,,,0,404234,3672
2020-05-27,GA,1907.0,,36,,7666.0,7666.0,907.0,119,1735.0,,,0,,,,,,44421,44421.0,691,0,,,,,39537,,,0,411758,7524,77835.0,,,,,0,411758,7524
2020-05-28,GA,1962.0,,55,,7767.0,7767.0,903.0,101,1761.0,,,0,,,,,,45070,45070.0,649,0,,,,,39989,,,0,419208,7450,78173.0,,,,,0,419208,7450
2020-05-29,GA,1974.0,,12,,7852.0,7852.0,889.0,85,1780.0,,,0,,,,,,45670,45670.0,600,0,,,,,40509,,,0,428319,9111,81736.0,,,,,0,428319,9111
2020-05-30,GA,2003.0,,29,,7921.0,7921.0,850.0,69,1790.0,,,0,,,,,,46286,46286.0,616,0,,,,,40976,,,0,436903,8584,84803.0,,,,,0,436903,8584
2020-05-31,GA,2042.0,,39,,7946.0,7946.0,853.0,25,1794.0,,,0,,,,,,46986,46986.0,700,0,,,,,42748,,,0,467464,30561,88461.0,,,,,0,467464,30561
2020-06-01,GA,2074.0,,32,,8127.0,8127.0,841.0,181,1800.0,,,0,,,,,,47618,47618.0,632,0,,,,,42761,,,0,467729,265,91184.0,,,,,0,467729,265
2020-06-02,GA,2102.0,,28,,8334.0,8334.0,828.0,207,1821.0,,,0,,,,,,48207,48207.0,589,0,5395.0,,,,43054,,,0,474222,6493,91325.0,,,,,0,474222,6493
2020-06-03,GA,2123.0,,21,,8419.0,8419.0,815.0,85,1841.0,,,0,,,,,,48894,48894.0,687,0,5425.0,,,,43515,,,0,482647,8425,91688.0,,,,,0,482647,8425
2020-06-04,GA,2147.0,,24,,8557.0,8557.0,807.0,138,1872.0,,,0,,,,,,49847,49847.0,953,0,5599.0,,,,44359,,,0,496271,13624,94626.0,,,,,0,496271,13624
2020-06-05,GA,2174.0,,27,,8646.0,8646.0,790.0,89,1897.0,,,0,,,,,,50621,50621.0,774,0,5748.0,,,,45196,,,0,507819,11548,97294.0,,,,,0,507819,11548
2020-06-06,GA,2174.0,,0,,8662.0,8662.0,788.0,16,1901.0,,,0,,,,,,51309,51309.0,688,0,5903.0,,,,46057,,,0,522889,15070,99894.0,,,,,0,522889,15070
2020-06-07,GA,2180.0,,6,,8685.0,8685.0,783.0,23,1909.0,,,0,,,,,,51898,51898.0,589,0,6084.0,,,,46813,,,0,534896,12007,102638.0,,,,,0,534896,12007
2020-06-08,GA,2208.0,,28,,8746.0,8746.0,819.0,61,1925.0,,,0,,,,,,52497,52497.0,599,0,6203.0,,,,47433,,,0,544412,9516,105013.0,,,,,0,544412,9516
2020-06-09,GA,2285.0,,77,,8872.0,8872.0,834.0,126,1960.0,,,0,,,,,,53249,53249.0,752,0,6207.0,,,,47914,,,0,551456,7044,105160.0,,,,,0,551456,7044
2020-06-10,GA,2329.0,,44,,8974.0,8974.0,817.0,102,1991.0,,,0,,,,,,53980,53980.0,731,0,6232.0,,,,48721,,,0,565221,13765,105491.0,,,,,0,565221,13765
2020-06-11,GA,2375.0,,46,,9073.0,9073.0,842.0,99,2006.0,,,0,,,,,,54973,54973.0,993,0,6381.0,,,,49603,,,0,578464,13243,108194.0,,,,,0,578464,13243
2020-06-12,GA,2418.0,,43,,9181.0,9181.0,836.0,108,2021.0,,,0,,,,,,55783,55783.0,810,0,6504.0,,,,50189,,,0,585957,7493,110825.0,,,,,0,585957,7493
2020-06-13,GA,2446.0,,28,,9224.0,9224.0,810.0,43,2029.0,,,0,,,,,,56801,56801.0,1018,0,6631.0,,,,51141,,,0,599211,13254,113405.0,,,,,0,599211,13254
2020-06-14,GA,2451.0,,5,,9248.0,9248.0,829.0,24,2034.0,,,0,,,,,,57681,57681.0,880,0,6769.0,,,,52295,,,0,614997,15786,115727.0,,,,,0,614997,15786
2020-06-15,GA,2494.0,,43,,9322.0,9322.0,865.0,74,2043.0,,,0,,,,,,58414,58414.0,733,0,6885.0,,,,52913,,,0,624586,9589,117901.0,,,,,0,624586,9589
2020-06-16,GA,2529.0,,35,,9454.0,9454.0,875.0,132,2065.0,,,0,,,,,,59078,59078.0,664,0,6897.0,,,,53313,,,0,628804,4218,118075.0,,,,,0,628804,4218
2020-06-17,GA,2575.0,,46,,9543.0,9543.0,881.0,89,2084.0,,,0,,,,,,60030,60030.0,952,0,6912.0,,,,54227,,,0,644257,15453,118426.0,,,,,0,644257,15453
2020-06-18,GA,2605.0,,30,,9663.0,9663.0,921.0,120,2109.0,,,0,,,,,,60912,60912.0,882,0,6982.0,,,,55069,,,0,656956,12699,121151.0,,,,,0,656956,12699
2020-06-19,GA,2636.0,,31,,9772.0,9772.0,937.0,109,2122.0,,,0,,,,,,62009,62009.0,1097,0,7848.0,,,,55621,,,0,663516,6560,134309.0,,,,663975.0,663975,663516,6560
2020-06-20,GA,2642.0,,6,,9837.0,9837.0,944.0,65,2140.0,,,0,,,,,,63809,63809.0,1800,0,7943.0,,,,57956,,,0,688134,24618,138123.0,,,,688588.0,24613,688134,24618
2020-06-21,GA,2643.0,,1,,9837.0,9837.0,960.0,0,2140.0,,,0,,,,,,64701,64701.0,892,0,8017.0,,,,58871,,,0,697841,9707,140694.0,,,,688588.0,0,697841,9707
2020-06-22,GA,2648.0,,5,,9953.0,9953.0,1000.0,116,2155.0,,,0,,,,,,65928,65928.0,1227,0,8079.0,,,,59960,,,0,707549,9708,142648.0,,,,708026.0,19438,707549,9708
2020-06-23,GA,2688.0,,40,,10123.0,10123.0,1056.0,170,2174.0,,,0,,,,,,67678,67678.0,1750,0,8090.0,,,,61786,,,0,730785,23236,142862.0,,,,731261.0,23235,730785,23236
2020-06-24,GA,2698.0,,10,,10313.0,10313.0,1124.0,190,2206.0,,,0,,,,,,69381,69381.0,1703,0,8106.0,,,,63113,,,0,742758,11973,143350.0,,,,743234.0,11973,742758,11973
2020-06-25,GA,2745.0,,47,,10457.0,10457.0,1135.0,144,2222.0,,,0,,,,,,71095,71095.0,1714,0,8185.0,,,,64811,,,0,757448,14690,146230.0,,,,757924.0,14690,757448,14690
2020-06-26,GA,2770.0,,25,,10605.0,10605.0,1184.0,148,2244.0,,,0,,,,,,72995,72995.0,1900,0,8275.0,,,,66512,,,0,770552,13104,149086.0,,,,,-757924,770552,13104
2020-06-27,GA,2776.0,,6,,10689.0,10689.0,1178.0,84,2261.0,,,0,,,,,,74985,74985.0,1990,0,8367.0,,,,68570,,,0,789337,18785,152220.0,,,,,0,789337,18785
2020-06-28,GA,2778.0,,2,,10711.0,10711.0,1236.0,22,2268.0,,,0,,,,,,77210,77210.0,2225,0,8416.0,,,,70883,,,0,806462,17125,154116.0,,,,,0,806462,17125
2020-06-29,GA,2784.0,,6,,10824.0,10824.0,1359.0,113,2289.0,,,0,,,,,,79417,79417.0,2207,0,8529.0,,,,73044,,,0,822641,16179,157375.0,,,,,0,822641,16179
2020-06-30,GA,2805.0,,21,,11051.0,11051.0,1459.0,227,2323.0,,,0,,,,,,81291,81291.0,1874,0,8547.0,,,,74214,,,0,833733,11092,157623.0,,,,,0,833733,11092
2020-07-01,GA,2827.0,,22,,11275.0,11275.0,1570.0,224,2357.0,,,0,,,,,,84237,84237.0,2946,0,8556.0,,,,76665,,,0,855625,21892,157971.0,,,,,0,855625,21892
2020-07-02,GA,2849.0,,22,,11500.0,11500.0,1649.0,225,2389.0,,,0,,,,,,87709,87709.0,3472,0,8645.0,,,,79974,,,0,884018,28393,161483.0,,,,,0,884018,28393
2020-07-03,GA,2856.0,,7,,11653.0,11653.0,1671.0,153,2413.0,,,0,,,,,,90493,90493.0,2784,0,8717.0,,,,82426,,,0,902430,18412,164412.0,,,,,0,902430,18412
2020-07-04,GA,2857.0,,1,,11743.0,11743.0,1726.0,90,2425.0,,,0,,,,,,93319,93319.0,2826,0,8839.0,,,,85363,,,0,928215,25785,168048.0,,,,,0,928215,25785
2020-07-05,GA,2860.0,,3,,11775.0,11775.0,1805.0,32,2429.0,,,0,,,,,,95516,95516.0,2197,0,8925.0,,,,87841,,,0,951510,23295,170392.0,,,,,0,951510,23295
2020-07-06,GA,2878.0,,18,,11919.0,11919.0,1962.0,144,2441.0,,,0,,,,,,97064,97064.0,1548,0,8942.0,,,,89088,,,0,964590,13080,170796.0,,,,,0,964590,13080
2020-07-07,GA,2899.0,,21,,12226.0,12226.0,2096.0,307,2471.0,,,0,,,,,,100470,100470.0,3406,0,8976.0,,,,91700,,,0,985913,21323,171020.0,,,,,0,985913,21323
2020-07-08,GA,2922.0,,23,,12500.0,12500.0,2215.0,274,2502.0,,,0,,,,,,103890,103890.0,3420,0,9032.0,,,,94821,,,0,1007523,21610,171858.0,,,,,0,1007523,21610
2020-07-09,GA,2930.0,,8,,12606.0,12606.0,2322.0,106,2519.0,,,0,,,,,,106727,106727.0,2837,0,9117.0,,,,97594,,,0,1027387,19864,174915.0,,,,,0,1027387,19864
2020-07-10,GA,2965.0,,35,,12937.0,12937.0,2443.0,331,2565.0,,,0,,,,,,111211,111211.0,4484,0,9169.0,,,,101160,,,0,1054725,27338,177244.0,,,,,0,1054725,27338
2020-07-11,GA,2996.0,,31,,13205.0,13205.0,2446.0,268,2610.0,,,0,,,,,,114401,114401.0,3190,0,9270.0,,,,103769,,,0,1072973,18248,180366.0,,,,,0,1072973,18248
2020-07-12,GA,3001.0,,5,,13259.0,13259.0,2512.0,54,2621.0,,,0,,,,,,116926,116926.0,2525,0,9367.0,,,,106202,,,0,1091670,18697,183094.0,,,,,0,1091670,18697
2020-07-13,GA,3026.0,,25,,13476.0,13476.0,2600.0,217,2643.0,,,0,,,,,,120569,120569.0,3643,0,9505.0,,,,110003,,,0,1116589,24919,185935.0,,,,,0,1116589,24919
2020-07-14,GA,3054.0,,28,,13685.0,13685.0,2741.0,209,2662.0,,,0,,,,,,123963,123963.0,3394,0,9516.0,,,,113168,,,0,1140761,24172,186113.0,,,,,0,1140761,24172
2020-07-15,GA,3091.0,,37,,14102.0,14102.0,2786.0,417,2702.0,,,0,,,,,,127834,127834.0,3871,0,9591.0,,,,116420,,,0,1165251,24490,187083.0,,,,,0,1165251,24490
2020-07-16,GA,3104.0,,13,,14346.0,14346.0,2841.0,244,2736.0,,,0,,,,,,131275,131275.0,3441,0,10071.0,,,,119897,,,0,1190112,24861,191262.0,,,,,0,1190112,24861
2020-07-17,GA,3132.0,,28,,14647.0,14647.0,2902.0,301,2781.0,,,0,,,,,,135183,135183.0,3908,0,10253.0,,,,123177,,,0,1211135,21023,193476.0,,,,,0,1211135,21023
2020-07-18,GA,3168.0,,36,,14961.0,14961.0,2929.0,314,2819.0,,,0,,,,,,139872,139872.0,4689,0,11530.0,,,,127550,,,0,1244571,33436,197631.0,,,,,0,1244571,33436
2020-07-19,GA,3173.0,,5,,15010.0,15010.0,3036.0,49,2822.0,,,0,,,,,,143123,143123.0,3251,0,11782.0,,,,131008,,,0,1272839,28268,200457.0,,,,,0,1272839,28268
2020-07-20,GA,3176.0,,3,,15047.0,15047.0,3183.0,37,2829.0,,,0,,,,,,145575,145575.0,2452,0,11985.0,,,,133176,,,0,1289281,16442,202941.0,,,,,0,1289281,16442
2020-07-21,GA,3254.0,,78,,15494.0,15494.0,3155.0,447,2904.0,,,0,,,,,,148988,148988.0,3413,0,12022.0,,,,136168,,,0,1311317,22036,203234.0,,,,,0,1311317,22036
2020-07-22,GA,3335.0,,81,,15922.0,15922.0,3179.0,428,2967.0,,,0,,,,,,152302,152302.0,3314,0,12035.0,,,,138819,,,0,1333343,22026,203453.0,,,,,0,1333343,22026
2020-07-23,GA,3360.0,,25,,16353.0,16353.0,3157.0,431,3034.0,,,0,,,,,,156588,156588.0,4286,0,12208.0,,,,142249,,,0,1353907,20564,205171.0,,,,,0,1353907,20564
2020-07-24,GA,3442.0,,82,,16752.0,16752.0,3135.0,399,3119.0,,,0,,,,,,161401,161401.0,4813,0,12547.0,,,,147362,,,0,1400793,46886,208597.0,,,,,0,1400793,46886
2020-07-25,GA,3495.0,,53,,17029.0,17029.0,3094.0,277,3158.0,,,0,,,,,,165188,165188.0,3787,0,12875.0,,,,150794,,,0,1431688,30895,211405.0,,,,,0,1431688,30895
2020-07-26,GA,3498.0,,3,,17091.0,17091.0,3079.0,62,3168.0,,,0,,,,,,167953,167953.0,2765,0,13147.0,,,,153582,,,0,1455060,23372,213487.0,,,,,0,1455060,23372
2020-07-27,GA,3509.0,,11,,17138.0,17138.0,3181.0,47,3172.0,,,0,,,,,,170843,170843.0,2890,0,13456.0,,,,156870,,,0,1479028,23968,216240.0,,,,,0,1479028,23968
2020-07-28,GA,3563.0,,54,,17544.0,17544.0,3157.0,406,3236.0,,,0,,,,,,175052,175052.0,4209,0,13511.0,,,,161005,,,0,1513883,34855,216727.0,,,,,0,1513883,34855
2020-07-29,GA,3642.0,,79,,17964.0,17964.0,3188.0,420,3301.0,,,0,,,,,,178323,178323.0,3271,0,13606.0,,,,163951,,,0,1540024,26141,217543.0,,,,,0,1540024,26141
2020-07-30,GA,3671.0,,29,,18303.0,18303.0,3200.0,339,3354.0,,,0,,,,,,182286,182286.0,3963,0,13886.0,,,,167603,,,0,1569597,29573,219867.0,,,,,0,1569597,29573
2020-07-31,GA,3752.0,,81,,18689.0,18689.0,3155.0,386,3414.0,,,0,,,,,,186352,186352.0,4066,0,14138.0,,,,171513,,,0,1604130,34533,222213.0,,,,,0,1604130,34533
2020-08-01,GA,3825.0,,73,,18995.0,18995.0,3095.0,306,3475.0,,,0,,,,,,190012,190012.0,3660,0,14462.0,,,,174615,,,0,1626144,22014,224874.0,,,,,0,1626144,22014
2020-08-02,GA,3840.0,,15,,19064.0,19064.0,3069.0,69,3496.0,,,0,,,,,,193177,193177.0,3165,0,14823.0,,,,177896,,,0,1654911,28767,227358.0,,,,,0,1654911,28767
2020-08-03,GA,3842.0,,2,,19124.0,19124.0,3111.0,60,3512.0,,,0,,,,,,195435,195435.0,2258,0,15069.0,,,,180509,,,0,1676684,21773,229417.0,,,,,0,1676684,21773
2020-08-04,GA,3921.0,,79,,19426.0,19426.0,3094.0,302,3556.0,,,0,,,,,,197948,197948.0,2513,0,15079.0,,,,182799,,,0,1695845,19161,229556.0,,,,,0,1695845,19161
2020-08-05,GA,3984.0,,63,,19788.0,19788.0,3077.0,362,3616.0,,,0,,,,,,201713,201713.0,3765,0,15410.0,,,,186174,,,0,1726701,30856,231824.0,,,,,0,1726701,30856
2020-08-06,GA,4026.0,,42,,20002.0,20002.0,3006.0,214,3647.0,,,0,,,,,,204895,204895.0,3182,0,15596.0,,,,188992,,,0,1751975,25274,234055.0,,,,,0,1751975,25274
2020-08-07,GA,4117.0,,91,,20282.0,20282.0,2981.0,280,3700.0,,,0,,,,,,209004,209004.0,4109,0,15910.0,,,,192226,,,0,1775573,23598,236570.0,,,,,0,1775573,23598
2020-08-08,GA,4186.0,,69,,20556.0,20556.0,2878.0,274,3739.0,,,0,,,,,,213427,213427.0,4423,0,16252.0,,,,196573,,,0,1815434,39861,239168.0,,,,,0,1815434,39861
2020-08-09,GA,4199.0,,13,,20628.0,20628.0,2865.0,72,3752.0,,,0,,,,,,216596,216596.0,3169,0,16503.0,,,,199607,,,0,1847577,32143,241290.0,,,,,0,1847577,32143
2020-08-10,GA,4229.0,,30,,20676.0,20676.0,2871.0,48,3767.0,,,0,,,,,,219025,219025.0,2429,0,16749.0,,,,201850,,,0,1869612,22035,243257.0,,,,,0,1869612,22035
2020-08-11,GA,4351.0,,122,,21031.0,21031.0,2881.0,355,3832.0,,,0,,,,,,222588,222588.0,3563,0,16791.0,,,,204553,,,0,1898217,28605,243577.0,,,,,0,1898217,28605
2020-08-12,GA,4456.0,,105,,21379.0,21379.0,2865.0,348,3929.0,,,0,,,,,,226153,226153.0,3565,0,17025.0,,,,206540,,,0,1914434,16217,245877.0,,,,,0,1914434,16217
2020-08-13,GA,4538.0,,82,,21581.0,21581.0,2807.0,202,3963.0,,,0,,,,,,228668,228668.0,2515,0,17140.0,,,,209150,,,0,1943875,29441,247048.0,,,,,0,1943875,29441
2020-08-14,GA,4573.0,,35,,21818.0,21818.0,2691.0,237,3999.0,,,0,,,,,,231895,231895.0,3227,0,17442.0,,,,212140,,,0,1971194,27319,249475.0,,,,,0,1971194,27319
2020-08-15,GA,4669.0,,96,,22028.0,22028.0,2586.0,210,4042.0,,,0,,,,,,235168,235168.0,3273,0,17676.0,,,,213697,,,0,1988066,16872,251604.0,,,,,0,1988066,16872
2020-08-16,GA,4702.0,,33,,22087.0,22087.0,2603.0,59,4050.0,,,0,,,,,,237030,237030.0,1862,0,17969.0,,,,215528,,,0,2005273,17207,253837.0,,,,,0,2005273,17207
2020-08-17,GA,4727.0,,25,,22133.0,22133.0,2626.0,46,4061.0,,,0,,,,,,238861,238861.0,1831,0,18393.0,,,,217481,,,0,2029702,24429,257747.0,,,,,0,2029702,24429
2020-08-18,GA,4794.0,,67,,22429.0,22429.0,2596.0,296,4117.0,,,0,,,,,,241677,241677.0,2816,0,18507.0,,,,219987,,,0,2060319,30617,258672.0,,,,,0,2060319,30617
2020-08-19,GA,4849.0,,55,,22664.0,22664.0,2573.0,235,4143.0,,,0,,,,,,243982,243982.0,2305,0,18600.0,,,,221593,,,0,2075697,15378,259422.0,,,,,0,2075697,15378
2020-08-20,GA,4904.0,,55,,22880.0,22880.0,2506.0,216,4185.0,,,0,,,,,,246741,246741.0,2759,0,18832.0,,,,223540,,,0,2096835,21138,261409.0,,,,,0,2096835,21138
2020-08-21,GA,4998.0,,94,,23125.0,23125.0,2408.0,245,4218.0,,,0,,,,,,249630,249630.0,2889,0,19106.0,,,,225938,,,0,2120102,23267,263245.0,,,,,0,2120102,23267
2020-08-22,GA,5092.0,,94,,23325.0,23325.0,2361.0,200,4251.0,,,0,,,,,,252222,252222.0,2592,0,19488.0,,,,228623,,,0,2149170,29068,265893.0,,,,,0,2149170,29068
2020-08-23,GA,5132.0,,40,,23369.0,23369.0,2360.0,44,4265.0,,,0,,,,,,253949,253949.0,1727,0,19716.0,,,,230533,,,0,2171884,22714,267561.0,,,,,0,2171884,22714
2020-08-24,GA,5156.0,,24,,23425.0,23425.0,2350.0,56,4272.0,,,0,,,,,,256253,256253.0,2304,0,20127.0,,,,235432,,,0,2205181,33297,269215.0,,,,,0,2205181,33297
2020-08-25,GA,5262.0,,106,,23717.0,23717.0,2260.0,292,4322.0,,,0,,,,,,258354,258354.0,2101,0,20242.0,,,,237435,,,0,2230850,25669,270000.0,,,,,0,2230850,25669
2020-08-26,GA,5311.0,,49,,23939.0,23939.0,2227.0,222,4360.0,,,0,,,,,,260590,260590.0,2236,0,20483.0,,,,239055,,,0,2248901,18051,271737.0,,,,,0,2248901,18051
2020-08-27,GA,5393.0,,82,,24127.0,24127.0,2129.0,188,4397.0,,,0,,,,,,263074,263074.0,2484,0,20571.0,,,,240686,,,0,2268837,19936,272383.0,,,,,0,2268837,19936
2020-08-28,GA,5471.0,,78,,24335.0,24335.0,2648.0,208,4433.0,,,0,,,,,,265372,265372.0,2298,0,20781.0,,,,242320,,,0,2286984,18147,273911.0,,,,,0,2286984,18147
2020-08-29,GA,5576.0,,105,,24533.0,24533.0,2582.0,198,4479.0,,,0,,,,,,267758,267758.0,2386,0,20980.0,,,,244513,,,0,2312179,25195,275453.0,,,,,0,2312179,25195
2020-08-30,GA,5604.0,,28,,24572.0,24572.0,2489.0,39,4489.0,,,0,,,,,,268973,268973.0,1215,0,21177.0,,,,245837,,,0,2327490,15311,276958.0,,,,,0,2327490,15311
2020-08-31,GA,5632.0,,28,,24604.0,24604.0,2463.0,32,4493.0,,,0,,,,,,270471,270471.0,1498,0,21369.0,,,,247592,,,0,2343634,16144,278200.0,,,,,0,2343634,16144
2020-09-01,GA,5733.0,,101,,24847.0,24847.0,2488.0,243,4537.0,,,0,,,,,,272697,272697.0,2226,0,21400.0,,,,249498,,,0,2368498,24864,278431.0,,,,,0,2368498,24864
2020-09-02,GA,5795.0,,62,,25025.0,25025.0,2469.0,178,4588.0,,,0,,,,,,274613,274613.0,1916,0,21440.0,,,,250612,,,0,2381637,13139,278683.0,,,,,0,2381637,13139
2020-09-03,GA,5868.0,,73,,25259.0,25259.0,2365.0,234,4628.0,,,0,,,,,,277288,277288.0,2675,0,21730.0,,,,252857,,,0,2410665,29028,280702.0,,,,,0,2410665,29028
2020-09-04,GA,5931.0,,63,,25402.0,25402.0,2295.0,143,4664.0,,,0,,,,,,279354,279354.0,2066,0,21947.0,,,,254680,,,0,2432125,21460,282093.0,,,,,0,2432125,21460
2020-09-05,GA,5977.0,,46,,25501.0,25501.0,2740.0,99,4681.0,,,0,,,,,,281548,281548.0,2194,0,22155.0,,,,257428,,,0,2460729,28604,283277.0,,,,,0,2460729,28604
2020-09-06,GA,6037.0,,60,,25523.0,25523.0,2202.0,22,4684.0,,,0,,,,,,283199,283199.0,1651,0,22365.0,,,,259039,,,0,2479568,18839,284452.0,,,,,0,2479568,18839
2020-09-07,GA,6044.0,,7,,25538.0,25538.0,2214.0,15,4687.0,,,0,,,,,,283807,283807.0,608,0,22365.0,,,,259641,,,0,2488841,9273,284452.0,,,,,0,2488841,9273
2020-09-08,GA,6070.0,,26,,25589.0,25589.0,2215.0,51,4698.0,,,0,,,,,,285350,285350.0,1543,0,22532.0,,,,261567,,,0,2511826,22985,285478.0,,,,,0,2511826,22985
2020-09-09,GA,6128.0,,58,,25845.0,25845.0,2099.0,256,4736.0,,,0,,,,,,287287,287287.0,1937,0,22584.0,,,,262647,,,0,2527779,15953,285881.0,,,,,0,2527779,15953
2020-09-10,GA,6204.0,,76,,26062.0,26062.0,2169.0,217,4776.0,,,0,,,,,,289123,289123.0,1836,0,22628.0,,,,263704,,,0,2542594,14815,286202.0,,,,,0,2542594,14815
2020-09-11,GA,6246.0,,42,,26163.0,26163.0,2152.0,101,4794.0,,,0,,,,,,290781,290781.0,1658,0,22769.0,,,,265022,,,0,2558319,15725,287173.0,,,,,0,2558319,15725
2020-09-12,GA,6287.0,,41,,26327.0,26327.0,2114.0,164,4818.0,,,0,,,,,,292905,292905.0,2124,0,23016.0,,,,266991,,,0,2584257,25938,288667.0,,,,,0,2584257,25938
2020-09-13,GA,6333.0,,46,,26369.0,26369.0,2138.0,42,4827.0,,,0,,,,,,294314,294314.0,1409,0,23194.0,,,,268347,,,0,2602202,17945,289794.0,,,,,0,2602202,17945
2020-09-14,GA,6353.0,,20,,26394.0,26394.0,2134.0,25,4830.0,,,0,,,,,,295337,295337.0,1023,0,23344.0,,,,269415,,,0,2615247,13045,290730.0,,,,,0,2615247,13045
2020-09-15,GA,6398.0,,45,,26665.0,26665.0,2098.0,271,4870.0,,,0,,,,,,296833,296833.0,1496,0,23353.0,,,,270464,,,0,2629090,13843,290791.0,,,,,0,2629090,13843
2020-09-16,GA,6419.0,,21,,26884.0,26884.0,2030.0,219,4912.0,,,0,,,,,,299056,299056.0,2223,0,23408.0,,,,273177,,,0,2654121,25031,291168.0,,,,,0,2654121,25031
2020-09-17,GA,6474.0,,55,,27054.0,27054.0,1977.0,170,4945.0,,,0,,,,,,300903,300903.0,1847,0,23551.0,,,,275551,,,0,2679891,25770,292125.0,,,,,0,2679891,25770
2020-09-18,GA,6537.0,,63,,27203.0,27203.0,1975.0,149,4966.0,,,0,,,,,,302737,302737.0,1834,0,23742.0,,,,276778,,,0,2701952,22061,293358.0,,,,,0,2701952,22061
2020-09-19,GA,6599.0,,62,,27338.0,27338.0,1944.0,135,4992.0,,,0,,,,,,305021,305021.0,2284,0,23959.0,,,,281373,,,0,2735389,33437,294470.0,,,,,0,2735389,33437
2020-09-20,GA,6602.0,,3,,27377.0,27377.0,1926.0,39,5002.0,,,0,,,,,,306155,306155.0,1134,0,24046.0,,,,282798,,,0,2750822,15433,295046.0,,,,,0,2750822,15433
2020-09-21,GA,6604.0,,2,,27394.0,27394.0,1970.0,17,5005.0,,,0,,,,,,307339,307339.0,1184,0,24197.0,,,,285951,,,0,2770863,20041,295904.0,,,,,0,2770863,20041
2020-09-22,GA,6677.0,,73,,27490.0,27490.0,1960.0,96,5026.0,,,0,,,,,,308221,308221.0,882,0,24217.0,,,,286876,,,0,2783427,12564,296044.0,,,,,0,2783427,12564
2020-09-23,GA,6773.0,,96,,27749.0,27749.0,1924.0,259,5077.0,,,0,,,,,,309678,309678.0,1457,0,24258.0,,,,287839,,,0,2803215,19788,296466.0,,,,,0,2803215,19788
2020-09-24,GA,6822.0,,49,,27903.0,27903.0,1932.0,154,5120.0,,,0,,,,,,311046,311046.0,1368,0,24436.0,,,,289670,,,0,2824816,21601,297531.0,,,,,0,2824816,21601
2020-09-25,GA,6874.0,,52,,28035.0,28035.0,1891.0,132,5156.0,,,0,,,,,,312514,312514.0,1468,0,24566.0,,,,290995,,,0,2847494,22678,298482.0,,,,,0,2847494,22678
2020-09-26,GA,6914.0,,40,,28153.0,28153.0,1831.0,118,5176.0,,,0,,,,,,313873,313873.0,1359,0,24723.0,,,,292318,,,0,2872355,24861,299555.0,,,,,0,2872355,24861
2020-09-27,GA,6946.0,,32,,28179.0,28179.0,1868.0,26,5187.0,,,0,,,,,,314685,314685.0,812,0,24959.0,,,,293203,,,0,2886269,13914,301039.0,,,,,0,2886269,13914
2020-09-28,GA,6961.0,,15,,28197.0,28197.0,1849.0,18,5194.0,,,0,,,,,,315281,315281.0,596,0,25025.0,,,,293921,,,0,2898498,12229,301453.0,,,,,0,2898498,12229
2020-09-29,GA,6994.0,,33,,28339.0,28339.0,1937.0,142,5225.0,,,0,,,,,,316306,316306.0,1025,0,25045.0,,,,294652,,,0,2910833,12335,301535.0,,,,,0,2910833,12335
2020-09-30,GA,7021.0,,27,,28522.0,28522.0,1896.0,183,5269.0,,,0,,,,,,318026,318026.0,1720,0,25149.0,,,,298062,,,0,2933679,22846,302125.0,,,,,0,2933679,22846
2020-10-01,GA,7063.0,,42,,28668.0,28668.0,1858.0,146,5300.0,,,0,,,,,,319334,319334.0,1308,0,25321.0,,,,299351,,,0,2954392,20713,303223.0,,,,,0,2954392,20713
2020-10-02,GA,7106.0,,43,,28791.0,28791.0,1792.0,123,5337.0,,,0,,,,,,320634,320634.0,1300,0,25532.0,,,,300258,,,0,2970013,15621,304551.0,,,,,0,2970013,15621
2020-10-03,GA,7134.0,,28,,28924.0,28924.0,1793.0,133,5354.0,,,0,,,,,,322078,322078.0,1444,0,25737.0,,,,301856,,,0,3001381,31368,305671.0,,,,,0,3001381,31368
2020-10-04,GA,7162.0,,28,,28958.0,28958.0,1764.0,34,5363.0,,,0,,,,,,322925,322925.0,847,0,25887.0,,,,302744,,,0,3018618,17237,306554.0,,,,,0,3018618,17237
2020-10-05,GA,7192.0,,30,,28987.0,28987.0,1822.0,29,5370.0,,,0,,,,,,323714,323714.0,789,0,25963.0,,,,303602,,,0,3032757,14139,306927.0,,,,,0,3032757,14139
2020-10-06,GA,7229.0,,37,,29154.0,29154.0,1779.0,167,5405.0,,,0,,,,,,324650,324650.0,936,0,25968.0,,,,304401,,,0,3044792,12035,306996.0,,,,,0,3044792,12035
2020-10-07,GA,7259.0,,30,,29308.0,29308.0,1770.0,154,5439.0,,,0,,,,,,326142,326142.0,1492,0,26016.0,,,,305174,,,0,3058187,13395,307358.0,,,,,0,3058187,13395
2020-10-08,GA,7294.0,,35,,29386.0,29386.0,1742.0,78,5453.0,,,0,,,,,,327407,327407.0,1265,0,26095.0,,,,306421,,,0,3083121,24934,307780.0,,,,,0,3083121,24934
2020-10-09,GA,7348.0,,54,,29510.0,29510.0,1717.0,124,5482.0,,,0,,,,,,329032,329032.0,1625,0,26291.0,,,,307868,,,0,3112619,29498,308749.0,,,,,0,3112619,29498
2020-10-10,GA,7393.0,,45,,29611.0,29611.0,1646.0,101,5508.0,,,0,,,,,,330269,330269.0,1237,0,26503.0,,,,308919,,,0,3132549,19930,310173.0,,,,,0,3132549,19930
2020-10-11,GA,7416.0,,23,,29635.0,29635.0,1619.0,24,5511.0,,,0,,,,,,331409,331409.0,1140,0,26683.0,,,,309993,,,0,3151029,18480,311255.0,,,,,0,3151029,18480
2020-10-12,GA,7429.0,,13,,29656.0,29656.0,1666.0,21,5514.0,,,0,,,,,,332311,332311.0,902,0,26877.0,,,,311114,,,0,3168116,17087,312558.0,,,,,0,3168116,17087
2020-10-13,GA,7454.0,,25,,29762.0,29762.0,1753.0,106,5523.0,,,0,,,,,,333304,333304.0,993,0,26980.0,,,,312040,,,0,3180538,12422,313514.0,,,,,0,3180538,12422
2020-10-14,GA,7470.0,,16,,29918.0,29918.0,1705.0,156,5546.0,,,0,,,,,,334601,334601.0,1297,0,27039.0,,,,312932,,,0,3204298,23760,313858.0,,,,,0,3204298,23760
2020-10-15,GA,7492.0,,22,,30081.0,30081.0,1682.0,163,5580.0,,,0,,,,,,336241,336241.0,1640,0,27277.0,,,,314154,,,0,3229781,25483,315202.0,,,,,0,3229781,25483
2020-10-16,GA,7556.0,,64,,30217.0,30217.0,1668.0,136,5614.0,,,0,,,,,,337850,337850.0,1609,0,27535.0,,,,315665,,,0,3254270,24489,317061.0,,,,,0,3254270,24489
2020-10-17,GA,7607.0,,51,,30350.0,30350.0,1622.0,133,5654.0,,,0,,,,,,339384,339384.0,1534,0,27746.0,,,,317180,,,0,3280668,26398,318261.0,,,,,0,3280668,26398
2020-10-18,GA,7638.0,,31,,30376.0,30376.0,1654.0,26,5663.0,,,0,,,,,,340558,340558.0,1174,0,27884.0,,,,318366,,,0,3298458,17790,319165.0,,,,,0,3298458,17790
2020-10-19,GA,7657.0,,19,,30388.0,30388.0,1664.0,12,5665.0,,,0,,,,,,341310,341310.0,752,0,27990.0,,,,319431,,,0,3314279,15821,319648.0,,,,,0,3314279,15821
2020-10-20,GA,7674.0,,17,,30541.0,30541.0,1713.0,153,5701.0,,,0,,,,,,342438,342438.0,1128,0,28073.0,,,,320414,,,0,3327836,13557,320265.0,,,,,0,3327836,13557
2020-10-21,GA,7704.0,,30,,30676.0,30676.0,1736.0,135,5734.0,,,0,,,,,,343750,343750.0,1312,0,28101.0,,,,321274,,,0,3338315,10479,320491.0,,,,,0,3338315,10479
2020-10-22,GA,7729.0,,25,,30829.0,30829.0,1699.0,153,5774.0,,,0,,,,,,345535,345535.0,1785,0,28346.0,,,,323551,,,0,3367534,29219,321823.0,,,,,0,3367534,29219
2020-10-23,GA,7766.0,,37,,30949.0,30949.0,1741.0,120,5801.0,,,0,,,,,,347759,347759.0,2224,0,28706.0,,,,325642,,,0,3407623,40089,323918.0,,,,,0,3407623,40089
2020-10-24,GA,7808.0,,42,,31046.0,31046.0,1684.0,97,5822.0,,,0,,,,,,349605,349605.0,1846,0,28865.0,,,,326890,,,0,3426110,18487,324963.0,,,,,0,3426110,18487
2020-10-25,GA,7809.0,,1,,31068.0,31068.0,1668.0,22,5825.0,,,0,,,,,,350923,350923.0,1318,0,29049.0,,,,328321,,,0,3445032,18922,325899.0,,,,,0,3445032,18922
2020-10-26,GA,7827.0,,18,,31087.0,31087.0,1740.0,19,5829.0,,,0,,,,,,351881,351881.0,958,0,29146.0,,,,329506,,,0,3461388,16356,326408.0,,,,,0,3461388,16356
2020-10-27,GA,7844.0,,17,,31256.0,31256.0,1823.0,169,5859.0,,,0,,,,,,353372,353372.0,1491,0,29271.0,,,,330641,,,0,3474891,13503,327268.0,,,,,0,3474891,13503
2020-10-28,GA,7876.0,,32,,31370.0,31370.0,1779.0,114,5888.0,,,0,,,,,,355025,355025.0,1653,0,29355.0,,,,331771,,,0,3495407,20516,327806.0,,,,,0,3495407,20516
2020-10-29,GA,7923.0,,47,,31516.0,31516.0,1777.0,146,5927.0,,,0,,,,,,356848,356848.0,1823,0,29569.0,,,,333316,,,0,3516162,20755,329039.0,,,,,0,3516162,20755
2020-10-30,GA,7955.0,,32,,31606.0,31606.0,1701.0,90,5940.0,,,0,,,,,,358225,358225.0,1377,0,29713.0,,,,334743,,,0,3535825,19663,330193.0,,,,,0,3535825,19663
2020-10-31,GA,7979.0,,24,,31699.0,31699.0,1725.0,93,5957.0,,,0,,,,,,360790,360790.0,2565,0,29995.0,,,,337078,,,0,3562682,26857,331821.0,,,,,0,3562682,26857
2020-11-01,GA,7981.0,,2,,31720.0,31720.0,1720.0,21,5961.0,,,0,,,,,,361982,361982.0,1192,0,30146.0,,,,338511,,,0,3584111,21429,332581.0,,,,,0,3584111,21429
2020-11-02,GA,7999.0,,18,,31735.0,31735.0,1751.0,15,5963.0,,,0,,,,,,362921,362921.0,939,0,30206.0,,,,339565,,,0,3596700,12589,332921.0,,,,,0,3596700,12589
2020-11-03,GA,8479.0,8029.0,480,450.0,31893.0,31893.0,1761.0,158,5997.0,,,0,,,,,,394526,364589.0,31605,0,30316.0,,,,341068,,,0,3618830,22130,333439.0,,,,,0,3618830,22130
2020-11-04,GA,8522.0,8072.0,43,450.0,32042.0,32042.0,1782.0,149,6031.0,,,0,,,,,,397281,366452.0,2755,0,30453.0,,,,342706,,,0,3647278,28448,334128.0,,,,,0,3647278,28448
2020-11-05,GA,8578.0,8126.0,56,452.0,32217.0,32217.0,1780.0,175,6058.0,,,0,,,,,,399625,368368.0,2344,0,30621.0,,,,344574,,,0,3672160,24882,334992.0,,,,,0,3672160,24882
2020-11-06,GA,8608.0,8156.0,30,452.0,32317.0,32317.0,1848.0,100,6075.0,,,0,,,,,,402427,370106.0,2802,0,30818.0,,,,346096,,,0,3691733,19573,336077.0,,,,,0,3691733,19573
2020-11-07,GA,8647.0,8193.0,39,454.0,32435.0,32435.0,1859.0,118,6091.0,,,0,,,,,,404622,371825.0,2195,0,31027.0,,,,347574,,,0,3715270,23537,337230.0,,,,,0,3715270,23537
2020-11-08,GA,8648.0,8194.0,1,454.0,32468.0,32468.0,1846.0,33,6095.0,,,0,,,,,,406061,373078.0,1439,0,31257.0,,,,348836,,,0,3733960,18690,338346.0,,,,,0,3733960,18690
2020-11-09,GA,8677.0,8223.0,29,454.0,32483.0,32483.0,1916.0,15,6097.0,,,0,,,,,,407333,374181.0,1272,0,31406.0,,,,350067,,,0,3749894,15934,339014.0,,,,,0,3749894,15934
2020-11-10,GA,8730.0,8264.0,53,466.0,32631.0,32631.0,1938.0,148,6138.0,,,0,,,,,,411652,376054.0,4319,0,31536.0,,,,351881,,,0,3772524,22630,339698.0,,,,,0,3772524,22630
2020-11-11,GA,8806.0,8333.0,76,473.0,32806.0,32806.0,2002.0,175,6171.0,,,0,,,,,,413894,377694.0,2242,0,31711.0,,,,353053,,,0,3786046,13522,340578.0,,,,,0,3786046,13522
2020-11-12,GA,8881.0,8403.0,75,478.0,32947.0,32947.0,2045.0,141,6191.0,,,0,,,,,,416876,380190.0,2982,0,31909.0,,,,355154,,,0,3807413,21367,341681.0,,,,,0,3807413,21367
2020-11-13,GA,8905.0,8418.0,24,487.0,33089.0,33089.0,2037.0,142,6211.0,,,0,,,,,,419870,382505.0,2994,0,32185.0,,,,357467,,,0,3838550,31137,343337.0,,,,,0,3838550,31137
2020-11-14,GA,8956.0,8462.0,51,494.0,33216.0,33216.0,2050.0,127,6220.0,,,0,,,,,,422905,384997.0,3035,0,32485.0,,,,359580,,,0,3865939,27389,344853.0,,,,,0,3865939,27389
2020-11-15,GA,8957.0,8462.0,1,495.0,33241.0,33241.0,1978.0,25,6225.0,,,0,,,,,,424989,386949.0,2084,0,32669.0,,,,361610,,,0,3887286,21347,345943.0,,,,,0,3887286,21347
2020-11-16,GA,8967.0,8471.0,10,496.0,33265.0,33265.0,2070.0,24,6229.0,,,0,,,,,,426236,387930.0,1247,0,32804.0,,,,362565,,,0,3900708,13422,346476.0,,,,,0,3900708,13422
2020-11-17,GA,9008.0,8496.0,41,512.0,33439.0,33439.0,2102.0,174,6259.0,,,0,,,,,,430571,391466.0,4335,0,33020.0,,,,366489,,,0,3954422,53714,347926.0,,,,,0,3954422,53714
2020-11-18,GA,9065.0,8536.0,57,529.0,33667.0,33667.0,2091.0,228,6306.0,,,0,,,,,,433642,393980.0,3071,0,33136.0,,,,368548,,,0,3975069,20647,348580.0,,,,,0,3975069,20647
2020-11-19,GA,9102.0,8569.0,37,533.0,33778.0,33778.0,2142.0,111,6327.0,,,0,,,,,,437156,396641.0,3514,0,33421.0,,,,371101,,,0,4010676,35607,350070.0,,,,,0,4010676,35607
2020-11-20,GA,9142.0,8591.0,40,551.0,33897.0,33897.0,2139.0,119,6340.0,,,0,,,,,,440595,399410.0,3439,0,33719.0,,,,373623,,,0,4043126,32450,351953.0,,,,,0,4043126,32450
2020-11-21,GA,9179.0,8624.0,37,555.0,34023.0,34023.0,2136.0,126,6366.0,,,0,,,,,,446804,402435.0,6209,0,34191.0,,,,376594,,,0,4086142,43016,354407.0,,,,,0,4086142,43016
2020-11-22,GA,9198.0,8627.0,19,571.0,34057.0,34057.0,2193.0,34,6373.0,,,0,,,,,,449132,404411.0,2328,0,34527.0,,,,378620,,,0,4112780,26638,356199.0,,,,,0,4112780,26638
2020-11-23,GA,9215.0,8644.0,17,571.0,34083.0,34083.0,2257.0,26,6377.0,,,0,,,,,,451056,406220.0,1924,0,34740.0,,,,380636,,,0,4139509,26729,357156.0,,,,,0,4139509,26729
2020-11-24,GA,9221.0,8648.0,6,573.0,34268.0,34268.0,2298.0,185,6414.0,,,0,,,,,,454732,408644.0,3676,0,34856.0,,,,383062,,,0,4173943,34434,357704.0,,,,,0,4173943,34434
2020-11-25,GA,9297.0,8694.0,76,603.0,34413.0,34413.0,2286.0,145,6434.0,,,0,,,,,,457909,411002.0,3177,0,35037.0,,,,384916,,,0,4195929,21986,358749.0,,,,,0,4195929,21986
2020-11-26,GA,9336.0,8716.0,39,620.0,34587.0,34587.0,2247.0,174,6463.0,,,0,,,,,,461517,413909.0,3608,0,35236.0,,,,387383,,,0,4226691,30762,359818.0,,,,,0,4226691,30762
2020-11-27,GA,9380.0,8746.0,44,634.0,34605.0,34605.0,2295.0,18,6464.0,,,0,,,,,,464526,416303.0,3009,0,35569.0,,,,390028,,,0,4258413,31722,361442.0,,,,,0,4258413,31722
2020-11-28,GA,9424.0,8775.0,44,649.0,34724.0,34724.0,2370.0,119,6485.0,,,0,,,,,,467564,418936.0,3038,0,35775.0,,,,392875,,,0,4289024,30611,362341.0,,,,,0,4289024,30611
2020-11-29,GA,9442.0,8778.0,18,664.0,34782.0,34782.0,2493.0,58,6493.0,,,0,,,,,,469516,420601.0,1952,0,35871.0,,,,394478,,,0,4302927,13903,362982.0,,,,,0,4302927,13903
2020-11-30,GA,9452.0,8778.0,10,674.0,34824.0,34824.0,2574.0,42,6497.0,,,0,,,,,,471563,422133.0,2047,0,35894.0,,,,395848,,,0,4314448,11521,363107.0,,,,,0,4314448,11521
2020-12-01,GA,9515.0,8798.0,63,717.0,35063.0,35063.0,2634.0,239,6536.0,,,0,,,,,,476405,424929.0,4842,0,36148.0,,,,398641,,,0,4338967,24519,364644.0,,,,,0,4338967,24519
2020-12-02,GA,9567.0,8830.0,52,737.0,35326.0,35326.0,2644.0,263,6569.0,,,0,,,,,,482139,428980.0,5734,0,36263.0,,,,402092,,,0,4362964,23997,365326.0,,,,,0,4362964,23997
2020-12-03,GA,9648.0,8879.0,81,769.0,35571.0,35571.0,2691.0,245,6599.0,,,0,,,,,,487978,433353.0,5839,0,36562.0,,,,406225,,,0,4396665,33701,367023.0,,,,,0,4396665,33701
2020-12-04,GA,9725.0,8922.0,77,803.0,35783.0,35783.0,2749.0,212,6642.0,,,0,,,,,,494354,438300.0,6376,0,36979.0,,,,410848,,,0,4435020,38355,368962.0,,,,,0,4435020,38355
2020-12-05,GA,9793.0,8969.0,68,824.0,36001.0,36001.0,2753.0,218,6671.0,,,0,,,,,,499371,442017.0,5017,0,37137.0,,,,413978,,,0,4466200,31180,369581.0,,,,,0,4466200,31180
2020-12-06,GA,9806.0,8971.0,13,835.0,36039.0,36039.0,2829.0,38,6676.0,,,0,,,,,,501405,443822.0,2034,0,37176.0,,,,415077,,,0,4476052,9852,369773.0,,,,,0,4476052,9852
2020-12-07,GA,9851.0,9007.0,45,844.0,36270.0,36270.0,2923.0,231,6691.0,,,0,,,,,,506690,448683.0,5285,0,37495.0,,,,420948,,,0,4521060,45008,371077.0,,,,,0,4521060,45008
2020-12-08,GA,9873.0,9027.0,22,846.0,36461.0,36461.0,3013.0,191,6719.0,,,0,,,,,,512267,452369.0,5577,0,37643.0,,,,425006,,,0,4555443,34383,371988.0,,,,,0,4555443,34383
2020-12-09,GA,9921.0,9073.0,48,848.0,36740.0,36740.0,3066.0,279,6756.0,,,0,,,,,,517779,456113.0,5512,0,38123.0,,,,427970,,,0,4578124,22681,373866.0,,,,,0,4578124,22681
2020-12-10,GA,9975.0,9123.0,54,852.0,37017.0,37017.0,3088.0,277,6790.0,,,0,,,,,,525402,462175.0,7623,0,38451.0,,,,434079,,,0,4621841,43717,375182.0,,,,,0,4621841,43717
2020-12-11,GA,10031.0,9175.0,56,856.0,37321.0,37321.0,3199.0,304,6832.0,,,0,,,,,,531593,466904.0,6191,0,38931.0,,,,438301,,,0,4657199,35358,377015.0,,,,,0,4657199,35358
2020-12-12,GA,10075.0,9204.0,44,871.0,37550.0,37550.0,3170.0,229,6847.0,,,0,,,,,,538040,471734.0,6447,0,39423.0,,,,442957,,,0,4696707,39508,378891.0,,,,,0,4696707,39508
2020-12-13,GA,10076.0,9205.0,1,871.0,37637.0,37637.0,3237.0,87,6854.0,,,0,,,,,,542838,476044.0,4798,0,39964.0,,,,447465,,,0,4729534,32827,380934.0,,,,,0,4729534,32827
2020-12-14,GA,10104.0,9218.0,28,886.0,37737.0,37737.0,3338.0,100,6859.0,,,0,,,,,,546558,479340.0,3720,0,40214.0,,,,451146,,,0,4755530,25996,381949.0,,,,,0,4755530,25996
2020-12-15,GA,10160.0,9250.0,56,910.0,38111.0,38111.0,3352.0,374,6896.0,,,0,,,,,,553995,484152.0,7437,0,40399.0,,,,456367,,,0,4794475,38945,382784.0,,,,,0,4794475,38945
2020-12-16,GA,10228.0,9302.0,68,926.0,38418.0,38418.0,3564.0,307,6936.0,,,0,,,,,,560619,488338.0,6624,0,40546.0,,,,459748,,,0,4817908,23433,383471.0,,,,,0,4817908,23433
2020-12-17,GA,10294.0,9358.0,66,936.0,38718.0,38718.0,3616.0,300,6967.0,,,0,,,,,,568396,494173.0,7777,0,41051.0,,,,465049,,,0,4856170,38262,385298.0,,,,,0,4856170,38262
2020-12-18,GA,10332.0,9396.0,38,936.0,39064.0,39064.0,3691.0,346,7009.0,,,0,,,,,,576537,500265.0,8141,0,41588.0,,,,471410,,,0,4904046,47876,387135.0,,,,,0,4904046,47876
2020-12-19,GA,10381.0,9435.0,49,946.0,39310.0,39310.0,3679.0,246,7045.0,,,0,,,,,,582300,504501.0,5763,0,42102.0,,,,476179,,,0,4941049,37003,388995.0,,,,,0,4941049,37003
2020-12-20,GA,10383.0,9437.0,2,946.0,39412.0,39412.0,3787.0,102,7050.0,,,0,,,,,,587918,509588.0,5618,0,42758.0,,,,480704,,,0,4974164,33115,391653.0,,,,,0,4974164,33115
2020-12-21,GA,10399.0,9453.0,16,946.0,39502.0,39502.0,3960.0,90,7055.0,,,0,,,,,,591438,512699.0,3520,0,42906.0,,,,484372,,,0,4999306,25142,392210.0,,,,,0,4999306,25142
2020-12-22,GA,10463.0,9503.0,64,960.0,39836.0,39836.0,4137.0,334,7103.0,,,0,,,,,,600517,518902.0,9079,0,42937.0,,,,491226,,,0,5049355,50049,392358.0,,,,,0,5049355,50049
2020-12-23,GA,10519.0,9554.0,56,965.0,40139.0,40139.0,4157.0,303,7148.0,,,0,,,,,,608290,524055.0,7773,0,43568.0,,,,496830,,,0,5086136,36781,394629.0,,,,,0,5086136,36781
2020-12-24,GA,10582.0,9607.0,63,975.0,40539.0,40539.0,4240.0,400,7217.0,,,0,,,,,,618576,531954.0,10286,0,44099.0,,,,503859,,,0,5135306,49170,396503.0,,,,,0,5135306,49170
2020-12-25,GA,10631.0,9656.0,49,975.0,40630.0,40630.0,4216.0,91,7224.0,,,0,,,,,,624630,537079.0,6054,0,44423.0,,,,510539,,,0,5188835,53529,397795.0,,,,,0,5188835,53529
2020-12-26,GA,10685.0,9710.0,54,975.0,40648.0,40648.0,4325.0,18,7224.0,,,0,,,,,,628788,540758.0,4158,0,44752.0,,,,514953,,,0,5218474,29639,399032.0,,,,,0,5218474,29639
2020-12-27,GA,10689.0,9714.0,4,975.0,40787.0,40787.0,4499.0,139,7236.0,,,0,,,,,,632299,543707.0,3511,0,44953.0,,,,517672,,,0,5233528,15054,399649.0,,,,,0,5233528,15054
2020-12-28,GA,10696.0,9719.0,7,977.0,40952.0,40952.0,4729.0,165,7247.0,,,0,,,,,,636240,546859.0,3941,0,45163.0,,,,520787,,,0,5248593,15065,400465.0,,,,,0,5248593,15065
2020-12-29,GA,10779.0,9759.0,83,1020.0,41403.0,41403.0,4839.0,451,7322.0,,,0,,,,,,645690,552712.0,9450,0,45356.0,,,,526895,,,0,5281282,32689,400939.0,,,,,0,5281282,32689
2020-12-30,GA,10846.0,9808.0,67,1038.0,41778.0,41778.0,4926.0,375,7375.0,,,0,,,,,,654743,558177.0,9053,0,45463.0,,,,531566,,,0,5304793,23511,401264.0,,,,,0,5304793,23511
2020-12-31,GA,10934.0,9872.0,88,1062.0,42084.0,42084.0,4937.0,306,7417.0,,,0,,,,,,666452,566676.0,11709,0,46052.0,,,,540689,,,0,5349390,44597,403179.0,,,,,0,5349390,44597
2021-01-01,GA,10958.0,9889.0,24,1069.0,42362.0,42362.0,4890.0,278,7448.0,,,0,,,,,,677589,575395.0,11137,0,46536.0,,,,549842,,,0,5401054,51664,404968.0,,,,,0,5401054,51664
2021-01-02,GA,10960.0,9891.0,2,1069.0,42427.0,42427.0,5101.0,65,7457.0,,,0,,,,,,685122,581999.0,7533,0,46987.0,,,,556630,,,0,5436988,35934,406396.0,,,,,0,5436988,35934
2021-01-03,GA,10964.0,9893.0,4,1071.0,42483.0,42483.0,5304.0,56,7466.0,,,0,,,,,,690900,587076.0,5778,0,47080.0,,,,561892,,,0,5462241,25253,406672.0,,,,,0,5462241,25253
2021-01-04,GA,10971.0,9900.0,7,1071.0,42595.0,42595.0,5514.0,112,7471.0,,,0,,,,,,696063,591106.0,5163,0,47231.0,,,,566075,,,0,5482790,20549,407192.0,,,,,0,5482790,20549
2021-01-05,GA,11072.0,9966.0,101,1106.0,43018.0,43018.0,5642.0,423,7535.0,,,0,,,,,,706154,597208.0,10091,0,47497.0,,,,571561,,,0,5509880,27090,408030.0,,,,,0,5509880,27090
2021-01-06,GA,11165.0,10035.0,93,1130.0,43629.0,43629.0,5782.0,611,7605.0,,,0,,,,,,713840,602796.0,7686,0,47855.0,,,,574307,,,0,5523221,13341,409076.0,,,,,0,5523221,13341
2021-01-07,GA,11230.0,10100.0,65,1130.0,43796.0,43796.0,5751.0,167,7642.0,,,0,,,,,,723630,609868.0,9790,0,48102.0,,,,581928,,,0,5569613,46392,410091.0,,,,,0,5569613,46392
2021-01-08,GA,11314.0,10180.0,84,1134.0,44187.0,44187.0,5899.0,391,7690.0,,,0,,,,,,736926,620247.0,13296,0,48195.0,,,,585062,,,0,5583994,14381,410456.0,,,,,0,5583994,14381
2021-01-09,GA,11457.0,10280.0,143,1177.0,44510.0,44510.0,5892.0,323,7727.0,,,0,,,,,,748852,629204.0,11926,0,48712.0,,,,593881,,,0,5632471,48477,411942.0,,,,,0,5632471,48477
2021-01-10,GA,11458.0,10282.0,1,1176.0,44635.0,44635.0,5993.0,125,7742.0,,,0,,,,,,757045,636373.0,8193,0,49201.0,,,,601352,,,0,5672290,39819,413263.0,,,,,0,5672290,39819
2021-01-11,GA,11475.0,10299.0,17,1176.0,44742.0,44742.0,6064.0,107,7744.0,,,0,,,,,,764499,642712.0,7454,0,49883.0,,,,607912,,,0,5708060,35770,415543.0,,,,,0,5708060,35770
2021-01-12,GA,11662.0,10444.0,187,1218.0,45177.0,45177.0,6097.0,435,7799.0,,,0,,,,,,773692,648694.0,9193,0,50103.0,,,,613704,,,0,5737862,29802,416089.0,,,,,0,5737862,29802
2021-01-13,GA,11803.0,10580.0,141,1223.0,45533.0,45533.0,6108.0,356,7837.0,,,0,,,,,,782288,654356.0,8596,0,50661.0,,,,618324,,,0,5763974,26112,417679.0,,,,,0,5763974,26112
2021-01-14,GA,11975.0,10721.0,172,1254.0,45893.0,45893.0,5968.0,360,7869.0,,,0,,,,,,791324,660720.0,9036,0,51320.0,,,,624405,,,0,5801007,37033,419581.0,,,,,0,5801007,37033
2021-01-15,GA,12138.0,10878.0,163,1260.0,46208.0,46208.0,5967.0,315,7919.0,,,0,,,,,,801130,668068.0,9806,0,51947.0,,,,631627,,,0,5844021,43014,421324.0,,,,,0,5844021,43014
2021-01-16,GA,12291.0,11029.0,153,1262.0,46515.0,46515.0,5910.0,307,7954.0,,,0,,,,,,809663,674994.0,8533,0,52635.0,,,,638495,,,0,5887700,43679,423166.0,,,,,0,5887700,43679
2021-01-17,GA,12296.0,11032.0,5,1264.0,46619.0,46619.0,5835.0,104,7957.0,,,0,,,,,,815995,680378.0,6332,0,53314.0,,,,644603,,,0,5925441,37741,425142.0,,,,,0,5925441,37741
2021-01-18,GA,12360.0,11095.0,64,1265.0,46741.0,46741.0,5902.0,122,7964.0,,,0,,,,,,820952,684763.0,4957,0,53759.0,,,,649691,,,0,5957306,31865,426349.0,,,,,0,5957306,31865
2021-01-19,GA,12582.0,11265.0,222,1317.0,47006.0,47006.0,5905.0,265,8004.0,,,0,,,,,,828444,689676.0,7492,0,53977.0,,,,655190,,,0,5988737,31431,426980.0,,,,,0,5988737,31431
2021-01-20,GA,12778.0,11411.0,196,1367.0,47311.0,47311.0,5783.0,305,8041.0,,,0,,,,,,836649,695400.0,8205,0,54174.0,,,,661138,,,0,6033197,44460,427488.0,,,,,0,6033197,44460
2021-01-21,GA,12889.0,11511.0,111,1378.0,47680.0,47680.0,5747.0,369,8092.0,,,0,,,,,,844799,701308.0,8150,0,54947.0,,,,667088,,,0,6072614,39417,429419.0,,,,,0,6072614,39417
2021-01-22,GA,13060.0,11670.0,171,1390.0,47950.0,47950.0,5559.0,270,8136.0,,,0,,,,,,853173,707750.0,8374,0,55755.0,,,,673983,,,0,6122066,49452,431565.0,,,,,0,6122066,49452
2021-01-23,GA,13246.0,11798.0,186,1448.0,48270.0,48270.0,5370.0,320,8183.0,,,0,,,,,,862158,714322.0,8985,0,56552.0,,,,681424,,,0,6174470,52404,433621.0,,,,,0,6174470,52404
2021-01-24,GA,13250.0,11801.0,4,1449.0,48385.0,48385.0,5293.0,115,8199.0,,,0,,,,,,866911,718532.0,4753,0,57197.0,,,,686333,,,0,6208860,34390,435326.0,,,,,0,6208860,34390
2021-01-25,GA,13303.0,11854.0,53,1449.0,48498.0,48498.0,5231.0,113,8203.0,,,0,,,,,,870828,722062.0,3917,0,57763.0,,,,690288,,,0,6234896,26036,436787.0,,,,,0,6234896,26036
2021-01-26,GA,13482.0,11996.0,179,1486.0,48915.0,48915.0,5157.0,417,8248.0,,,0,,,,,,879221,727752.0,8393,0,57994.0,,,,696183,,,0,6271545,36649,437302.0,,,,,0,6271545,36649
2021-01-27,GA,13643.0,12135.0,161,1508.0,49247.0,49247.0,5074.0,332,8290.0,,,0,,,,,,885605,731826.0,6384,0,58216.0,,,,700011,,,0,6296044,24499,437886.0,,,,,0,6296044,24499
2021-01-28,GA,13827.0,12280.0,184,1547.0,49608.0,49608.0,4953.0,361,8331.0,,,0,,,,,,892957,737205.0,7352,0,58885.0,,,,705770,,,0,6338228,42184,439649.0,,,,,0,6338228,42184
2021-01-29,GA,13986.0,12410.0,159,1576.0,49869.0,49869.0,4777.0,261,8360.0,,,0,,,,,,899515,741991.0,6558,0,59736.0,,,,710996,,,0,6378542,40314,441761.0,,,,,0,6378542,40314
2021-01-30,GA,14196.0,12568.0,210,1628.0,50132.0,50132.0,4574.0,263,8390.0,,,0,,,,,,905858,746867.0,6343,0,60474.0,,,,716476,,,0,6425042,46500,443440.0,,,,,0,6425042,46500
2021-01-31,GA,14198.0,12570.0,2,1628.0,50237.0,50237.0,4476.0,105,8399.0,,,0,,,,,,909445,749867.0,3587,0,61213.0,,,,719935,,,0,6452746,27704,445208.0,,,,,0,6452746,27704
2021-02-01,GA,14242.0,12613.0,44,1629.0,50323.0,50323.0,4438.0,86,8400.0,,,0,,,,,,912479,752448.0,3034,0,61724.0,,,,723022,,,0,6474133,21387,446424.0,,,,,0,6474133,21387
2021-02-02,GA,14450.0,12772.0,208,1678.0,50685.0,50685.0,4335.0,362,8439.0,,,0,,,,,,917440,755412.0,4961,0,61862.0,,,,725757,,,0,6494048,19915,446775.0,,,,,0,6494048,19915
2021-02-03,GA,14587.0,12907.0,137,1680.0,50953.0,50953.0,4335.0,268,8471.0,,,0,,,,,,922364,759228.0,4924,0,62078.0,,,,729320,,,0,6524223,30175,447290.0,,,,,0,6524223,30175
2021-02-04,GA,14756.0,13048.0,169,1708.0,51247.0,51247.0,4239.0,294,8511.0,,,0,,,,,,928070,763077.0,5706,0,62937.0,,,,733538,,,0,6561635,37412,449321.0,,,,,0,6561635,37412
2021-02-05,GA,14858.0,13146.0,102,1712.0,51479.0,51479.0,4239.0,232,8555.0,,,0,,,,,,932912,766604.0,4842,0,63710.0,,,,737367,,,0,6597050,35415,451037.0,,,,,0,6597050,35415
2021-02-06,GA,15090.0,13324.0,232,1766.0,51732.0,51732.0,4239.0,253,8590.0,,,0,,,,,,937402,769825.0,4490,0,64114.0,,,,740654,,,0,6628577,31527,452034.0,,,,,0,6628577,31527
2021-02-07,GA,15092.0,13326.0,2,1766.0,51842.0,51842.0,3740.0,110,8598.0,,,0,,,,,,940991,772978.0,3589,0,64668.0,,,,744698,,,0,6664276,35699,453432.0,,,,,0,6664276,35699
2021-02-08,GA,15130.0,13361.0,38,1769.0,51928.0,51928.0,3715.0,86,8601.0,,,0,,,,,,943695,775466.0,2704,0,65662.0,,,,747779,,,0,6687452,23176,455663.0,,,,,0,6687452,23176
2021-02-09,GA,15301.0,13481.0,171,1820.0,52262.0,52262.0,3689.0,334,8651.0,,,0,,,,,,947416,778049.0,3721,0,65804.0,,,,750186,,,0,6711587,24135,455997.0,,,,,0,6711587,24135
2021-02-10,GA,15421.0,13599.0,120,1822.0,52543.0,52543.0,3617.0,281,8684.0,,,0,,,,,,950906,780494.0,3490,0,66061.0,,,,752452,,,0,6734381,22794,456581.0,,,,,0,6734381,22794
2021-02-11,GA,15513.0,13672.0,92,1841.0,52853.0,52853.0,3511.0,310,8717.0,,,0,,,,,,955085,783821.0,4179,0,66659.0,,,,755717,,,0,6765890,31509,457835.0,,,,,0,6765890,31509
2021-02-12,GA,15708.0,13856.0,195,1852.0,53111.0,53111.0,3362.0,258,8741.0,,,0,,,,,,958985,786277.0,3900,0,67173.0,,,,758098,,,0,6792960,27070,458930.0,,,,,0,6792960,27070
2021-02-13,GA,15850.0,13961.0,142,1889.0,53340.0,53340.0,3385.0,229,8756.0,,,0,,,,,,962808,789070.0,3823,0,68116.0,,,,761246,,,0,6828948,35988,460940.0,,,,,0,6828948,35988
2021-02-14,GA,15871.0,13964.0,21,1907.0,53379.0,53379.0,3271.0,39,8760.0,,,0,,,,,,964737,790779.0,1929,0,68803.0,,,,763583,,,0,6853061,24113,462492.0,,,,,0,6853061,24113
2021-02-15,GA,15928.0,13997.0,57,1931.0,53403.0,53403.0,3181.0,24,8762.0,,,0,,,,,,966807,792509.0,2070,0,69202.0,,,,765545,,,0,6870677,17616,463362.0,,,,,0,6870677,17616
2021-02-16,GA,16174.0,14176.0,246,1998.0,53658.0,53658.0,3119.0,255,8801.0,,,0,,,,,,969702,794349.0,2895,0,69353.0,,,,767461,,,0,6895381,24704,463685.0,,,,,0,6895381,24704
2021-02-17,GA,16273.0,14254.0,99,2019.0,53880.0,53880.0,3176.0,222,8838.0,,,0,,,,,,973247,796547.0,3545,0,69684.0,,,,769319,,,0,6914772,19391,464369.0,,,,,0,6914772,19391
2021-02-18,GA,16403.0,14358.0,130,2045.0,54173.0,54173.0,3117.0,293,8869.0,,,0,,,,,,976732,798785.0,3485,0,70383.0,152547.0,,,776980,,,0,6963712,48940,465859.0,1280884.0,,,,0,6963712,48940
2021-02-19,GA,16610.0,14530.0,207,2080.0,54434.0,54434.0,2973.0,261,8898.0,,,0,,,,,,980411,800959.0,3679,0,70995.0,154024.0,,,778851,,,0,6988224,24512,467159.0,1300188.0,,,,0,6988224,24512
2021-02-20,GA,16742.0,14629.0,132,2113.0,54647.0,54647.0,2840.0,213,8924.0,,,0,,,,,,983747,803349.0,3336,0,71431.0,154830.0,,,781166,,,0,7019510,31286,468310.0,1312100.0,,,,0,7019510,31286
2021-02-21,GA,16744.0,14633.0,2,2111.0,54753.0,54753.0,2778.0,106,8927.0,,,0,,,,,,985505,804812.0,1758,0,72085.0,155284.0,,,782965,,,0,7042229,22719,469788.0,1316079.0,,,,0,7042229,22719
2021-02-22,GA,16835.0,14689.0,91,2146.0,54883.0,54883.0,2760.0,130,8931.0,,,0,,,,,,987041,806119.0,1536,0,72459.0,155590.0,,,784449,,,0,7057282,15053,470584.0,1318989.0,,,,0,7057282,15053
2021-02-23,GA,16927.0,14761.0,92,2166.0,55167.0,55167.0,2696.0,284,8967.0,,,0,,,,,,990821,808416.0,3780,0,72526.0,156556.0,,,785680,,,0,7076399,19117,470774.0,1333372.0,,,,0,7076399,19117
2021-02-24,GA,17064.0,14882.0,137,2182.0,55394.0,55394.0,2615.0,227,8999.0,,,0,,,,,,994061,810473.0,3240,0,73122.0,157551.0,,,787153,,,0,7096779,20380,471938.0,1350009.0,,,,0,7096779,20380
2021-02-25,GA,17199.0,14989.0,135,2210.0,55604.0,55604.0,2583.0,210,9036.0,,,0,,,,,,997388,812612.0,3327,0,73707.0,158218.0,,,789261,,,0,7125751,28972,473127.0,1360896.0,,,,0,7125751,28972
2021-02-26,GA,17219.0,15007.0,20,2212.0,55778.0,55778.0,2476.0,174,9087.0,,,0,,,,,,1000822,814820.0,3434,0,74309.0,159339.0,,,791209,,,0,7153524,27773,474319.0,1375548.0,,,,0,7153524,27773
2021-02-27,GA,17294.0,15067.0,75,2227.0,55963.0,55963.0,2405.0,185,9115.0,,,0,,,,,,1004187,816973.0,3365,0,74913.0,160451.0,,,793286,,,0,7181994,28470,475609.0,1390595.0,,,,0,7181994,28470
2021-02-28,GA,17295.0,15068.0,1,2227.0,56039.0,56039.0,2341.0,76,9126.0,,,0,,,,,,1006521,818516.0,2334,0,75407.0,161352.0,,,794784,,,0,7201974,19980,476724.0,1397752.0,,,,0,7201974,19980
2021-03-01,GA,17376.0,15148.0,81,2228.0,56089.0,56089.0,2348.0,50,9132.0,,,0,,,,,,1008660,819730.0,2139,0,75711.0,162411.0,,,795852,,,0,7215169,13195,477400.0,1406064.0,,,,0,7215169,13195
2021-03-02,GA,17480.0,15209.0,104,2271.0,56251.0,56251.0,2348.0,162,9158.0,,,0,,,,,,1011807,821482.0,3147,0,75800.0,163820.0,,,797157,,,0,7234444,19275,477580.0,1422062.0,,,,0,7234444,19275
2021-03-03,GA,17625.0,15349.0,145,2276.0,56369.0,56369.0,2299.0,118,9186.0,,,0,,,,,,1014542,823008.0,2735,0,76149.0,165060.0,,,798161,,,0,7251427,16983,478229.0,1437822.0,,,,0,7251427,16983
2021-03-04,GA,17750.0,15462.0,125,2288.0,56512.0,56512.0,2191.0,143,9221.0,,,0,,,,,,1017428,824804.0,2886,0,76680.0,166192.0,,,799666,,,0,7279616,28189,479300.0,1451169.0,,,,0,7279616,28189
2021-03-05,GA,17815.0,15526.0,65,2289.0,56627.0,56627.0,2099.0,115,9236.0,,,0,,,,,,1019509,826117.0,2081,0,77232.0,166895.0,,,801097,,,0,7315477,35861,480456.0,1463362.0,,,,0,7315477,35861
2021-03-06,GA,17905.0,15597.0,90,2308.0,56762.0,56762.0,2071.0,135,9260.0,,,0,,,,,,1021778,827397.0,2269,0,77793.0,168005.0,,,802411,,,0,7340242,24765,481545.0,1478232.0,,,,0,7340242,24765
2021-03-07,GA,17906.0,15598.0,1,2308.0,56797.0,56797.0,2008.0,35,9263.0,,,0,,,,,,1023487,828336.0,1709,0,78312.0,168867.0,,,803515,,,0,7359069,18827,482568.0,1484921.0,,,,0,7359069,18827
